avaliador,idx,modelo,precisao,persona,escrita,total,ts
mylenna,39,r32_a32_aug10,4,4,5,13,2026-09-29T23:52:54.212Z
mylenna,39,r32_a32_aug5,4,4,5,13,2026-09-29T23:52:54.212Z
mylenna,39,r64_a64_aug5,4,4,5,13,2026-09-29T23:52:54.212Z
mylenna,39,r32_a64,4,4,5,13,2026-09-29T23:52:54.212Z
mylenna,39,r64_a64,4,4,5,13,2026-09-29T23:52:54.212Z
mylenna,39,r64_a64_aug10,4,4,5,13,2026-09-29T23:52:54.212Z
mylenna,39,r32_a32,5,4,5,14,2026-09-29T23:52:54.212Z
mylenna,39,r64_a32,5,4,5,14,2026-09-29T23:52:54.212Z
mylenna,39,r16_a32,5,4,5,14,2026-09-29T23:52:54.212Z
mylenna,39,r64_a128,5,3,5,13,2026-09-29T23:52:54.212Z
mylenna,39,r16_a16,5,5,5,15,2026-09-29T23:52:54.212Z
